session_id,total,consent,instructions,EConnectionCheck,ENoReturn,SequencePrediction,Survey
696951e12dd75799b1393e25,3:40,0:12,0:38,0:00,0:09,1:41,0:57
696951f2b8c3996a3df30121,3:45,0:05,0:31,0:00,0:06,2:07,0:53
69695249ef4f4f84b4778ad0,2:09,0:03,0:30,0:00,0:04,1:02,0:27
69695252af2b95168e9fa04d,2:58,0:03,0:28,0:00,0:07,1:05,1:12
69695273ef4f4f84b4778b0b,3:12,0:34,0:37,0:00,0:05,1:26,0:28
696953b735a3582ac9e78763,3:20,0:03,0:21,0:00,0:02,1:08,0:46
6969541fa05617a5128013b9,2:13,0:03,0:36,0:00,0:03,1:05,0:23
6969543ba46b968d40daf4d8,5:08,2:32,0:23,0:00,0:03,1:48,0:19
69695590c0b7729dad0f184b,2:09,0:03,0:21,0:00,0:01,1:25,0:13
6969562076bcabf258d36b5e,2:10,0:03,0:28,0:00,0:06,1:06,0:24
6969562b5ce7b77fef878e7c,2:39,0:07,0:28,0:00,0:05,1:43,0:12
696956f9ff6309697704cf8f,2:39,0:18,0:19,0:00,0:03,1:31,0:26
696956fae42023e2f839bf63,2:43,0:08,0:27,0:00,0:03,1:13,0:50
696957ee92b586223505e45d,N/A,,,,,,
696958df6a3fd88c8c882978,0:23,0:03,,,,,
696958682c5c832405e0a1a3,2:19,0:11,0:24,0:00,0:05,1:12,0:25
696958eb21a4f4a67a901717,3:08,0:09,0:23,0:00,0:02,2:19,0:11
696958ecba4eca0876be026c,N/A,0:18,,,,,
696958e0fc89e47d70ca0dd0,2:19,0:16,0:21,0:00,0:05,1:18,0:16
696958ecad8a2d49dba83df0,2:04,0:15,0:21,0:00,0:02,1:14,0:09
696958ed7059188370cbc6d7,2:13,0:04,0:28,0:00,0:03,1:15,0:20
696958eeed6d3ad15af2c1d6,3:04,0:04,0:28,0:00,0:06,1:41,0:43
696958ef2f3d539dd2e3b2de,3:04,0:06,0:32,0:00,0:06,1:50,0:28
696958f385db332000b96b1a,2:15,0:04,0:25,0:00,0:04,1:19,0:21
696958f41bc92f96f096cf23,2:18,0:04,0:35,0:00,0:02,1:26,0:09
696958f2e3cfc832a61165cf,1:57,0:07,0:25,0:00,0:02,1:12,0:09
696958f23f5ca08667dadc05,3:06,0:03,0:25,0:00,0:04,2:00,0:32
696958f5ab232c88ba139b8a,2:25,0:05,0:28,0:00,0:04,1:15,0:31
696958f7786fe96f97a3e5a4,0:01,,,,,,
696958fcf088997796915d72,N/A,,,,,,
696958fccb8cc458101c19ff,2:10,0:08,0:19,0:00,0:01,1:30,0:08
696958fbd4aa46ebcb369db7,2:33,0:39,0:19,0:00,0:04,1:04,0:24
696958f926f017660b086eac,3:41,0:02,0:32,0:00,0:07,2:41,0:16
696958fa0345b417cae38c01,4:22,2:12,0:32,0:00,0:06,1:17,0:12
696958fd3fe48f24e4950ec9,1:32,0:03,0:17,0:00,0:02,1:01,0:07
696958fefabc8b6003357382,2:27,0:07,0:25,0:00,0:04,1:30,0:19
696959013d2cf20c0ef690a6,3:29,0:06,0:36,0:00,0:07,1:38,1:00
69695901bae4c5aa3b7334db,2:26,0:05,0:22,0:00,0:03,1:35,0:19
69695902d341c4efd1369b6f,4:42,0:29,0:43,0:00,0:14,2:02,1:11
69695906bd659f8eda64931c,2:07,0:06,0:24,0:00,0:02,1:22,0:09
696959031a4dfb3881c84753,2:11,0:05,0:26,0:00,0:04,1:07,0:27
696959081465b21f5351f7ff,3:29,0:34,0:26,0:00,0:03,1:51,0:33
6969592fcade1a46d9062cef,N/A,,,,,,
6969592bacb6984bd95e7212,2:22,0:03,0:19,0:00,0:03,1:03,0:49
6969591ac32da3baddcc3f5f,2:40,0:17,0:34,0:00,0:05,1:11,0:29
6969592f6552a1747325f061,3:12,0:28,0:28,0:00,0:04,1:38,0:31
69695929de50b08b7f6730f1,2:03,0:03,0:23,0:00,0:04,1:05,0:26
69695933c9ccd94573210d9c,2:42,0:12,0:33,0:00,0:03,1:18,0:32
69695954e241b2cfca673274,0:16,0:03,,,,,
69695934971b7695a05a5dc7,2:54,0:06,0:25,0:00,0:02,1:48,0:30
6969595a339aa46091bc5f6b,2:20,0:05,0:24,0:00,0:06,1:22,0:21
6969595cdd74920a2e52fbca,1:52,0:06,0:17,0:00,0:02,1:02,0:23
69695963e167f891fa2112f7,3:25,0:11,0:51,0:00,0:04,2:03,0:14
69695960719947d8e9fb363a,3:12,0:18,0:57,0:00,0:04,1:35,0:15
69695963719947d8e9fb363c,1:49,0:04,0:19,0:00,0:04,1:06,0:14
69695962b1c500a317e788a9,1:34,0:03,0:17,0:00,0:03,1:01,0:07
69695965546f24ff85067661,0:21,0:04,,,,,
6969596cd729e1a90765a3d0,N/A,,,,,,
6969596a15dadc98ffc10c19,N/A,,,,,,
696959727b33bd247446aa86,2:16,0:05,0:19,0:00,0:02,1:03,0:45
6969596fad28127c9b8c226a,2:16,0:04,0:23,0:00,0:04,1:21,0:21
696959703db3916b7c756196,2:10,0:10,0:34,0:00,0:05,1:06,0:10
69695971bf9f787f18663e83,2:19,0:08,0:25,0:00,0:03,1:14,0:27
69695975a12660717ab0b12e,2:38,0:27,0:22,0:00,0:03,1:29,0:15
69695977357747ad18cdd8ec,2:14,0:06,0:29,0:00,0:05,1:16,0:16
6969597c24239f0217b3b46f,N/A,,,,,,
6969597986ad82813c6641c7,2:52,0:03,0:27,0:00,0:03,1:51,0:26
6969597aed6d3ad15af2c1df,2:21,0:05,0:34,0:00,0:03,1:22,0:15
6969597b5d78a6ae31fa92e4,3:05,0:08,0:25,0:00,0:06,1:35,0:48
6969597c3ac4053e7e2cb90c,2:36,0:17,0:32,0:00,0:03,1:24,0:17
6969597d7a445915e546e231,2:40,0:04,0:35,0:00,0:09,1:31,0:19
69695989485911303220d4f6,N/A,,,,,,
6969598086ad82813c6641c9,2:49,0:13,0:27,0:00,0:07,1:31,0:28
69695987fd24f116dcb96d03,3:25,0:41,0:58,0:00,0:01,1:15,0:27
69695996f10a53c25879b791,3:43,0:08,0:37,0:00,0:09,1:26,1:20
6969598bef725ca4a67e7d1e,2:59,0:42,0:26,0:00,0:05,1:29,0:15
6969599853fceb8843985e00,1:47,0:03,0:15,0:00,0:01,1:09,0:16
69695999882c7d28e6a1b842,4:06,0:03,0:33,0:00,0:04,1:34,1:49
6969599d719947d8e9fb3642,1:42,0:03,0:19,0:00,0:03,1:02,0:13
696959a8296b758d7db271d8,1:43,0:06,0:19,0:00,0:02,1:05,0:09
6969599e786fe96f97a3e5b3,3:46,0:07,0:36,0:00,0:06,1:16,1:38
696959b30e4139fb78e8716c,2:18,0:53,0:15,0:00,0:01,0:57,0:10
696959b3ec764af79e3822cb,1:53,0:03,0:19,0:00,0:01,1:14,0:14
696959b621f591fc62a496ff,3:23,0:20,0:33,0:00,0:04,2:08,0:17
696959c94ab2fed4b1fa8934,2:07,0:03,0:27,0:00,0:03,1:14,0:18
696959cae25597a8868833ce,3:08,0:34,0:35,0:00,0:05,1:27,0:25
696959d2b650ea9cbb2c95cb,4:15,0:20,0:48,0:00,0:29,1:40,0:55
696959e1de50b08b7f67310b,N/A,,,,,,
696959e1590dcd6445139864,2:48,0:10,0:33,0:00,0:08,1:41,0:13
696959ef5d470ed55548b521,N/A,,,,,,
69695a0ba05617a512801422,N/A,,,,,,
696959e80e280df7bb457249,2:09,0:03,0:22,0:00,0:01,1:03,0:37
696959f151aa46c6d70752d0,2:02,0:06,0:20,0:00,0:02,1:17,0:15
696959f5357747ad18cdd8fa,2:14,0:05,0:33,0:00,0:02,1:15,0:17
69695a04a08c5367ca90216c,2:34,0:06,0:24,0:00,0:03,1:16,0:42
696959fce3a251ce67afa04f,3:05,0:04,0:30,0:00,0:03,1:35,0:50
69695a55e576836922d8b9a6,N/A,,,,,,
69695a0fda82bf811a9f02a4,3:11,0:11,0:39,0:00,0:07,1:34,0:37
69695a101884d42acf929ae3,2:13,0:04,0:23,0:00,0:10,1:20,0:13
69695a2cdd18f866de4b4960,2:57,0:43,0:24,0:00,0:03,1:34,0:11
69695a45cc6aea2154a83805,3:18,0:42,0:34,0:00,0:05,1:39,0:14
69695a7e5477701571f77bc4,2:00,0:07,0:21,0:00,0:03,1:16,0:10
69695a52068a1459bbd88353,2:21,0:14,0:22,0:00,0:01,1:26,0:16
69695a8a7ea7cd78deff5685,2:45,0:37,0:24,0:00,0:03,1:13,0:25
69695a8d50278200a427d77a,1:54,0:03,0:15,0:00,0:02,1:15,0:17
69695a960b4f7a95a1a670c2,2:43,0:07,0:35,0:00,0:06,1:20,0:32
69695a96ea81ea465cb585d7,3:27,0:40,0:50,0:00,0:06,1:24,0:23
69695a9f11dafa7d99803537,2:28,0:04,0:18,0:00,0:04,1:04,0:57
69695a9e0e60799396086812,2:27,0:06,0:31,0:00,0:04,1:28,0:14
69695aa26c36f7f15b2fdeea,2:23,0:08,0:24,0:00,0:03,1:22,0:24
69695af86c36f7f15b2fdefd,3:25,0:07,0:32,0:00,0:08,1:35,0:57
69695af05ceb6239fb2687a2,2:30,0:04,0:35,0:00,0:03,1:17,0:29
69695afba06838eff82cb05a,2:03,0:04,0:31,0:00,0:05,1:02,0:19
69695b113866e4810f24b908,2:58,0:21,0:30,0:00,0:07,1:29,0:29
69695b10563c5432dd07e4e1,3:32,0:07,0:25,0:00,0:07,1:19,1:30
69695b36f69583b77f8593e3,0:18,0:04,,,,,
69695b11b859c29234dccad9,3:23,0:08,0:37,0:00,0:03,1:55,0:37
69695b457b5494facd30263c,4:02,1:33,0:37,0:00,0:04,1:55,0:43
69695b227b33bd247446aaad,3:13,0:21,0:33,0:00,0:03,1:53,0:21
69695b442ee325001ec1755f,2:18,0:09,0:27,0:00,0:05,1:14,0:20
69695b72de8a255697b130a1,5:09,0:08,0:22,0:00,0:14,3:59,0:23
69695b80d59d19cff14a26b5,1:57,0:08,0:21,0:00,0:04,1:11,0:11
69695b7c2a1fe868552e6fef,1:51,0:05,0:18,0:00,0:03,1:04,0:18
69695b8123ce29cde51d9506,2:46,0:03,0:18,0:00,0:03,0:59,1:21
69695ba445677efbce1ba705,6:45,0:03,5:07,0:00,0:02,1:15,0:16
69695b9afefcf2453199da43,0:19,0:03,,,,,
69695bab15dadc98ffc10c56,2:56,0:33,0:39,0:00,0:05,1:15,0:21
69695bb29ab551ebd6a0b3a0,1:59,0:06,0:20,0:00,0:04,1:12,0:16
69695bc0f5946f8abf8bb85a,1:55,0:15,0:17,0:00,0:02,1:04,0:14
69695beef147933240480b8b,3:10,0:17,0:48,0:00,0:05,1:45,0:12
69695bf71a1e2723eb1d8f08,1:48,0:03,0:19,0:00,0:01,1:11,0:11
69695bfdf147933240480b92,1:57,0:05,0:19,0:00,0:03,1:07,0:21
69695bfc357747ad18cdd91f,1:52,0:05,0:17,0:00,0:03,1:10,0:13
69695c2ad37701701b75eb7a,4:02,1:30,0:23,0:00,0:11,1:01,0:46
69695c6e440836be5f8b4f1f,2:23,0:09,0:20,0:00,0:04,1:23,0:25
69695ca0a7b8d4b4f30677cc,3:05,0:08,0:35,0:00,0:06,1:56,0:18
69695cc052f2a8505403c958,2:34,0:14,0:34,0:00,0:05,1:13,0:26
69695cf45bf4e0b8a9fec6f9,2:15,0:06,0:24,0:00,0:03,1:27,0:12
69695cf4e576836922d8b9de,2:42,0:23,0:23,0:00,0:02,1:19,0:33
69695d1fba1edf9e5265a3cf,N/A,,,,,,
69695cf78fee12721670cbd3,2:40,0:14,0:32,0:00,0:05,1:21,0:26
69695d69c7f4e20172b854a2,2:01,0:03,0:24,0:00,0:02,1:19,0:10
69695d604f958a7f3ec55669,2:31,0:05,0:35,0:00,0:03,1:29,0:16
69695d6a64647c95d28b4d42,2:33,0:03,0:57,0:00,0:02,1:09,0:19
69695d1d719947d8e9fb36ef,3:03,0:33,0:30,0:00,0:06,1:19,0:33
69695d7f595162ed3fc38ccf,0:16,0:03,,,,,
69695d89046d5c4af25835f7,N/A,,,,,,
69695dda9bd67be80503c3d2,N/A,0:04,0:24,0:00,0:03,,
69695ddcb914e0eb812ef1de,2:34,0:03,0:31,0:00,0:05,1:13,0:40
69695e07221960bd02d2fda0,2:31,0:06,0:29,0:00,0:04,1:31,0:20
69695e5c7403c452ca9cc801,3:50,0:05,0:28,0:00,0:05,1:49,1:22
69695e29339aa46091bc5fd7,2:35,0:10,0:25,0:00,0:03,1:23,0:31
69695e1854d018b097a3d72e,2:43,0:29,0:31,0:00,0:03,1:19,0:18
69695e63acc9f99a85f51038,3:02,0:07,0:18,0:00,0:02,1:26,1:07
69695eaded6d3ad15af2c297,2:46,0:14,0:42,0:00,0:04,1:21,0:22
69695eca6276d74871805172,N/A,,,,,,
69695ec35852de20cb8034c0,2:45,0:10,0:37,0:00,0:02,1:10,0:42
69695ed1742be570e166716f,N/A,,,,,,
69695ecf3c7576409f79b69d,2:01,0:04,0:16,0:00,0:03,1:12,0:25
69695ed53d2cf20c0ef69118,N/A,0:04,0:37,0:00,,,
69695ed3a7ea7ceac76c655f,3:16,1:15,0:23,0:00,0:04,1:14,0:17
69695ef93c7576409f79b6a0,3:35,0:29,0:44,0:00,0:05,1:32,0:43
69695fc68eeccf69f0a9a7cb,1:58,0:04,0:21,0:00,0:04,1:11,0:16
69695fd06ad31bdc731a4d15,2:30,0:04,0:32,0:00,0:03,1:03,0:46
696960880b4f7a95a1a6712a,3:27,0:30,0:42,0:00,0:08,1:32,0:32
696960b883c8ab8154a24ed2,N/A,,,,,,
6969612e91ea7fd9b046aa61,N/A,0:13,0:24,,,,
696960a94c04b0f2744c0ec8,3:59,1:08,0:30,0:00,0:03,1:46,0:30
696971cc1e1215f25553a1cb,2:03,0:05,0:23,0:00,0:03,1:14,0:15
6969612d49f07e00ef1b5300,2:16,0:03,0:25,0:00,0:02,1:21,0:22
696971ca2d97a00ed86c6aa9,2:25,0:10,0:24,0:00,0:02,1:12,0:34
69697212824d3c2083b9a7dd,3:24,0:06,0:49,0:00,0:11,1:45,0:29
6969725346785d3fa68042c2,2:59,0:05,0:24,0:00,0:03,1:02,1:23
6969726e8460dfc264bf6e89,2:49,0:03,1:09,0:00,0:05,1:13,0:17
696972bf23ce29cde51d97d8,1:55,0:02,0:22,0:00,0:06,0:59,0:24
696972efc7f4e20172b85611,2:20,0:04,0:27,0:00,0:03,1:24,0:20
69697356485911303220d6ff,2:24,0:03,0:19,0:00,0:04,1:37,0:19
696974886276d74871805395,2:44,0:13,0:29,0:00,0:02,1:31,0:26
6969744084f4505ad05b4430,2:41,0:05,0:44,0:00,0:11,1:21,0:18
696973db7b3dee07fad94351,4:05,1:19,0:31,0:00,0:06,1:27,0:39
696977ede5e37186b8cdda40,0:30,0:02,,,,,
69697c96ab99b88cf4fdda2b,2:48,0:07,0:44,0:00,0:05,1:14,0:35
696978d30954e355984ea612,1:45,0:03,0:20,0:00,0:04,1:01,0:15
69697881c098a74fc3131873,2:34,0:13,0:27,0:00,0:02,1:28,0:21
69697aba775cf0ebd8bbe53c,3:04,0:14,0:25,0:00,0:03,1:39,0:41
69697c6cb27bad6b9a3d4e85,3:19,0:38,0:28,0:00,0:07,1:50,0:25
69697cb44c0a013a1faff726,2:49,0:12,0:38,0:00,0:04,1:15,0:38
69697e7dd6af3705f6a18af9,2:13,0:05,0:27,0:00,0:03,1:04,0:32
69697e7fd3fb2a3ffa76dc65,2:52,0:04,0:34,0:00,0:07,1:23,0:43
69697eee9bb97ca7df93f467,2:35,0:04,0:24,0:00,0:09,1:24,0:32
69698686d3fb2a3ffa76dd1e,2:34,0:13,0:24,0:00,0:06,1:07,0:41
696a7aa60414b4187ed3f0de,1:56,0:03,0:18,0:00,0:02,1:13,0:18
696a7abe236a6fa235f3b07b,2:00,0:03,0:22,0:00,0:02,1:07,0:23
696a7b218d53554cf3e491d4,3:18,0:10,0:24,0:00,0:03,1:47,0:53
696a7b24ca86ddce02c5ef5f,2:25,0:04,0:22,0:00,0:02,1:26,0:29
696a7b2880d7a1140083c317,2:13,0:02,0:25,0:00,0:03,1:03,0:36
696a7b29e034f3a273884eb1,3:24,0:12,0:35,0:00,0:17,1:31,0:47
696a7b5a6a7516dc18711a1e,2:31,0:35,0:27,0:00,0:02,1:11,0:14
696a7b38bf259e5e9fb80ec2,2:26,0:09,0:30,0:00,0:02,1:26,0:16
696a7b9cdac3a681cd19cf18,2:24,0:15,0:33,0:00,0:07,1:09,0:19
696a7c8b50e2fdc7466c7117,0:00,,,,,,
696a7ba6d3fa039bf13e3cf9,2:38,0:08,0:33,0:00,0:03,1:35,0:17
696a7c1350f01000bc893c01,2:21,0:06,0:27,0:00,0:03,1:16,0:26
696a7c80e52968dc19d02e23,2:15,0:16,0:31,0:00,0:04,1:09,0:13
696a7c965903a477936bc474,2:08,0:03,0:21,0:00,0:02,1:20,0:20
696a7d0352dcbe07b0d8a128,N/A,,,,,,
696a7de3d76a8eb3ffdbf820,0:00,,,,,,
696a7dd7b73245ce632f7f62,1:50,0:03,0:18,0:00,0:02,1:13,0:12
696a7d08b0e4815d7cf306e2,3:10,0:48,0:26,0:00,0:03,1:21,0:28
696a7de1b07ff06bec691e81,2:30,0:04,0:27,0:00,0:03,1:41,0:12
696a7d1016e5e1af04f6b4d8,2:20,0:11,0:31,0:00,0:03,1:14,0:18
696a7df5236a6fa235f3b0ce,2:19,0:19,0:27,0:00,0:03,1:08,0:18
696a7df5e3f87ab0ececdab0,N/A,,,,,,
696a7ee56d8a7a127311ab63,1:52,0:09,0:28,0:00,0:01,1:03,0:09
696a7fd7b2e212f797446008,2:42,0:14,0:33,0:00,0:03,1:27,0:24
696a800383c72c6ff444c17e,2:37,0:03,0:32,0:00,0:03,1:39,0:17
696a7ee7e1c307c7c38ff9a3,1:56,0:03,0:19,0:00,0:02,1:21,0:10
696a7fe752dcbe07b0d8a160,2:09,0:03,0:36,0:00,0:05,1:04,0:19
696a805b7b333230264b372d,2:15,0:06,0:32,0:00,0:03,1:20,0:12
696a8372393e6705d96af404,0:00,,,,,,
696a8271b33aeae2708a1d77,3:35,0:24,0:25,0:00,0:04,1:34,1:06
696a832d05e673dab2312119,2:30,3:07,0:27,0:00,0:04,1:06,0:31
696a816829fb67e9a16af120,4:13,0:15,1:19,0:00,0:09,1:40,0:49
696a840bc4d23e967e47d7ed,2:25,0:06,0:25,0:00,0:07,1:32,0:13
696a83313eae19931179d6d4,2:01,0:03,0:20,0:00,0:02,1:10,0:24
696a85fac2eddb8a4b6ad899,N/A,,,,,,
696a84b37cffb55209a579f2,2:18,0:36,0:20,0:00,0:03,1:01,0:15
696a85a428c5e206482c7397,3:32,1:11,0:22,0:00,0:05,1:12,0:38
696a88bbc1ab0d73d8c0d7b2,2:02,0:04,0:27,0:00,0:03,1:15,0:10
696a868964b6a9874706baf3,4:29,0:29,0:54,0:00,0:08,1:57,1:00
696a88be51946622c6fa1e63,2:09,0:03,0:30,0:00,0:06,1:18,0:09
696a8931b6d6dea7b447c688,2:49,0:06,0:37,0:00,0:06,1:36,0:21
696a89377ecb7691c3c7180a,1:58,0:13,0:21,0:00,0:05,1:06,0:11
696a895b7763c08ec1727de5,2:10,0:05,0:34,0:00,0:04,1:07,0:17
696a8a0b4f63ae60fbbbf20b,2:06,0:03,0:33,0:00,0:02,1:05,0:20
696a8a323696da28482a30bd,1:58,0:19,0:20,0:00,0:02,1:03,0:12
696a89d9a3076085b7055961,17:59,14:54,0:38,0:00,0:06,1:47,0:31
696a8d816a1fe3a94cc2d486,2:06,0:04,0:22,0:00,0:05,1:13,0:19
696a8e6631b3c6ea9d5c775e,N/A,,,,,,
696aa9b7bd6bb520424ef321,0:00,,,,,,
696a8e5e036094a5fe95e203,1:57,0:10,0:22,0:00,0:03,1:06,0:14
696aa9a6ca162e4ec10d3043,3:27,0:08,0:41,0:00,0:06,1:45,0:43
696aaaa4d849249fb8f350da,N/A,,,,,,
696aaa08f5c7fdae77ccf61d,2:25,0:13,0:34,0:00,0:03,1:07,0:24
696aaa3e934ebaf4ebb69855,2:20,0:09,0:25,0:00,0:03,1:19,0:22
696aaace95647b4b25f12eb6,2:05,0:23,0:20,0:00,0:02,1:00,0:17
696aabe91c862bd16b172815,N/A,,,,,,
696aabe6c33adb78ee767f84,3:27,0:34,0:22,0:00,0:04,1:41,0:45
696aaad809f7b657cd0c0753,1:54,0:04,0:23,0:00,0:02,1:11,0:13
696aabe791dd7f9ec476d2c1,1:55,0:05,0:28,0:00,0:03,1:04,0:12
696aabdd69c8b04cacbfc603,3:43,0:33,0:34,0:00,0:02,1:50,0:42
696aabea00d1d6752ebbaa87,2:19,0:24,0:19,0:00,0:05,1:10,0:18
696aabeb5d452d982f54b015,1:56,0:07,0:20,0:00,0:03,1:13,0:11
696aabf0ed757ce52efbb42f,4:23,1:20,0:52,0:00,0:03,1:30,0:35
696aabf5b9b18871ca553d93,1:54,0:03,0:24,0:00,0:02,1:06,0:16
696aabf31328d496f85e96a7,4:02,0:05,1:02,0:00,0:04,1:31,1:17
696aabf65164196640b9ecf7,1:54,0:16,0:15,0:00,0:01,1:09,0:10
696aabf6c2674b0cd9f8ee8d,2:09,0:04,0:22,0:00,0:05,1:08,0:28
696aabf76a52199860f7db8d,2:10,0:34,0:20,0:00,0:02,1:03,0:09
696aabfbd2c76e6071ccf6ed,2:16,0:03,0:23,0:00,0:02,1:12,0:34
696aabf980d7a1140083c79b,3:23,0:28,0:55,0:00,0:04,1:21,0:32
696aabfea9ea88ff3a454bd9,1:38,0:03,0:16,0:00,0:03,1:04,0:10
696aabff251d71032d442879,3:02,0:38,0:29,0:00,0:05,1:37,0:10
696aac0051946622c6fa252d,2:45,0:12,0:37,0:00,0:06,1:27,0:21
696aac048555d787da3014dd,3:05,0:16,0:33,0:00,0:05,1:21,0:48
696aac11c8253a71b2637830,N/A,,,,,,
696aac050a2a1a50a88f4d90,3:42,0:08,0:37,0:00,0:06,2:06,0:44
696aac04a62853c6781ac59b,4:36,1:29,0:29,0:00,0:05,1:20,1:11
696aac094151f7b092850775,2:16,0:05,0:20,0:00,0:01,1:17,0:30
696aac0a51510eba8bf0eada,3:18,0:07,0:25,0:00,0:14,1:30,0:59
696aac10306e5a4261b5e334,2:10,0:03,0:19,0:00,0:02,1:08,0:36
696aac17c7dbe75a3b1606e2,N/A,,,,,,
696aac1d6de88ba6332785b1,N/A,,,,,,
696aac15be728f06b53c2465,2:37,0:04,0:22,0:00,0:04,1:40,0:26
696aac14bd6bb520424ef350,2:27,0:14,0:33,0:00,0:03,1:17,0:19
696aac193afb4f11d0786f89,2:02,0:10,0:23,0:00,0:02,1:04,0:19
696aac184e03dc6d6aebd255,2:01,0:08,0:21,0:00,0:01,1:11,0:17
696aac211c862bd16b17281a,0:00,,,,,,
696aac2c349996c201829561,N/A,,,,,,
696aac1e1246a0fdd4fb1edf,2:20,0:09,0:22,0:00,0:05,1:03,0:38
696aac1e19a2e3715a381d17,3:19,0:11,0:39,0:00,0:03,1:32,0:51
696aac2dc28e3a1ceaaacd0d,3:29,0:23,1:01,0:00,0:05,1:44,0:14
696aac2ce35c6a158995e4b0,2:58,0:40,0:33,0:00,0:03,1:26,0:14
696aac5ea25b4f26191e81d3,N/A,,,,,,
696aac37036094a5fe95e5ae,2:54,0:08,0:44,0:00,0:07,1:07,0:47
696aac54629b13189228d7ab,4:27,0:09,0:47,0:00,0:08,2:21,1:00
696aac61106e8fa376524ef3,2:58,0:23,0:26,0:00,0:06,1:29,0:32
696aac655797c3ccbb701bbd,1:48,0:03,0:17,0:00,0:01,1:09,0:16
696aac2e4d0227dc9e90005d,2:17,0:03,0:19,0:00,0:04,1:26,0:23
696aac50d6c7f0b19c0135fd,2:56,0:33,0:40,0:00,0:07,1:13,0:21
696aac666582fdbd6f08c356,3:13,0:05,0:26,0:00,0:05,1:55,0:39
696aac6a3448e668f125df2b,3:10,0:30,0:30,0:00,0:07,1:31,0:30
696aac7228436ccaeab3047f,0:00,,,,,,
696aac734100b4971fc10765,3:03,0:13,0:42,0:00,0:02,1:27,0:36
696aac77bf259e5e9fb813a7,2:34,0:03,0:33,0:00,0:07,1:17,0:33
696aac7cabbcb64c45da8564,2:35,0:08,0:25,0:00,0:03,1:11,0:46
696aac8586f7257a23071b6f,N/A,,,,,,
696aac832b6ca0386be15da7,2:15,0:12,0:25,0:00,0:05,1:14,0:16
696aac841d69d4006150c832,2:03,0:03,0:18,0:00,0:04,1:26,0:10
696aac7f7c8ed79813e66744,2:51,0:17,0:34,0:00,0:08,1:09,0:41
696aac8ddaec43de5a45e348,2:36,0:16,0:30,0:00,0:06,1:19,0:23
696aac907b7848a3d16405d1,3:33,0:06,1:19,0:00,0:04,1:34,0:27
696aac94b6f2b23bc8f84303,0:00,,,,,,
696aac9c6d8a7a127311b32c,0:00,,,,,,
696aac95fc27802ac447ce7e,1:58,0:08,0:23,0:00,0:04,1:03,0:17
696aac9879ef2b5afd11b0a6,2:54,0:34,0:40,0:00,0:05,1:18,0:13
696aac9dec9ab9f3e40e1c68,3:01,0:07,0:20,0:00,0:02,2:12,0:18
696aaca27501e2da6a081a78,2:11,0:04,0:20,0:00,0:02,1:23,0:19
696aaca20c640805c6c9dba5,3:54,0:19,0:38,0:00,0:03,2:11,0:42
696aaca690f2123351b9d06a,1:59,0:03,0:24,0:00,0:01,1:13,0:16
696aaca72773467c0e3ba14e,2:50,0:09,0:26,0:00,0:04,1:43,0:26
696aaca8d4e82dcf66081f92,2:14,0:04,0:26,0:00,0:04,1:22,0:16
696aacab40eed44bea3dd63d,2:42,0:17,0:18,0:00,0:06,1:51,0:07
696aacb170d973f3b2edada7,2:27,0:05,0:27,0:00,0:02,1:23,0:29
696aacaf862aa4315d5ea135,3:27,0:51,0:46,0:00,0:03,1:15,0:30
696aacba3ce0307348acd279,2:34,0:17,0:22,0:00,0:08,1:19,0:26
696aacbaaf948b7e6bcdde86,3:52,0:52,0:43,0:00,0:08,1:43,0:24
696aacbd05666c0b34d8b588,2:13,0:03,0:17,0:00,0:02,1:13,0:35
696aace87191a8aae4fbb58f,2:54,0:05,0:22,0:00,0:04,1:17,1:04
696aacd6d15f44aa7ce665de,2:36,0:05,0:19,0:00,0:02,0:59,1:09
696aace0d6c7f0b19c01360c,3:05,0:18,0:24,0:00,0:05,1:23,0:53
696aacc5b05975a8888131e7,4:23,1:50,0:43,0:00,0:07,1:23,0:18
696aad06875fad777f44c348,N/A,,,,,,
696aacf77674dbf6a28f4db2,2:16,0:12,0:25,0:00,0:03,1:15,0:19
696aacfe368f03331a7d7cd1,2:14,0:07,0:23,0:00,0:04,1:23,0:14
696aacf995985b143cd7149f,3:00,0:30,0:31,0:00,0:05,1:16,0:36
696aad060f36a68e5b1e8239,1:50,0:03,0:20,0:00,0:01,1:11,0:12
696aad037d7f518c6540f8e7,1:45,0:13,0:19,0:00,0:02,1:06,0:13
696aad10b63bf14d6470a763,N/A,,,,,,
696aad08e034f3a2738852ca,2:27,0:03,0:27,0:00,0:03,1:26,0:26
696aad0ce900347970d86680,3:05,0:08,0:38,0:00,0:07,1:51,0:20
696aad1898a3d2092a83ce6e,2:25,0:19,0:29,0:00,0:04,1:18,0:13
696aad270f0ca6a415aa1e32,1:59,0:03,0:19,0:00,0:02,1:08,0:24
696aad1f9624f24504ccfc74,1:56,0:04,0:22,0:00,0:02,0:59,0:28
696aad2b9bdb292d63eb40e5,2:42,0:13,0:29,0:00,0:05,1:18,0:36
696aad30b07ff06bec6922dc,1:48,0:03,0:23,0:00,0:02,1:07,0:11
696aad339fbe88614c076614,1:49,0:03,0:19,0:00,0:01,1:03,0:19
696aad3519023712a701305d,N/A,,,,,,
696aad3cbd24c1d25daa1baf,3:40,0:11,0:37,0:00,0:11,1:17,1:22
696aad38f8a847961314ba61,2:27,0:03,0:21,0:00,0:04,1:03,0:54
696aad62afb22ef8d14bdb2b,N/A,,,,,,
696aad4ca85dd5f8d4fd4a7d,2:05,0:03,0:22,0:00,0:03,1:14,0:20
696aad69a7971a6710a99248,2:21,0:04,0:24,0:00,0:05,1:22,0:24
696aad7aab79500fa9a8e21d,3:56,0:24,0:29,0:00,0:03,1:32,1:26
696aad7ba409a1653d00e657,3:39,0:04,1:39,0:00,0:25,1:11,0:16
696aad8aa52225f265d56bf8,2:29,0:03,0:34,0:00,0:03,1:32,0:14
696aad8ef7572a3705f7dad6,11:58,9:31,0:27,0:00,0:04,1:18,0:35
696aada7bf01c8ae2cc264e6,2:44,0:05,0:29,0:00,0:02,1:28,0:38
696aada876a377b8207d0d00,2:27,0:26,0:22,0:00,0:03,1:05,0:28
696aadaa782101b45c6c68f0,2:07,0:15,0:24,0:00,0:04,1:04,0:18
696aadb3c51842b47372677d,4:01,0:19,0:33,0:00,0:07,2:16,0:44
696aadb9456aae75c5971914,1:41,0:02,0:16,0:00,0:02,1:03,0:15
696aadb4bb1d82c8a88882bd,2:53,0:09,0:33,0:00,0:03,1:43,0:23
696aadb55164196640b9ed29,2:03,0:21,0:19,0:00,0:03,1:03,0:13
696aadbb289708725b748411,2:55,0:03,0:32,0:00,0:03,1:23,0:50
696aadb5bebb840c130d8a46,2:08,0:18,0:24,0:00,0:10,1:05,0:08
696aadbd0298e3a7a9d96498,3:22,0:32,0:26,0:00,0:03,1:15,1:03
696aadcaa8ef22a1d32c30e2,N/A,,,,,,
696aadbf349996c20182957f,2:16,0:04,0:16,0:00,0:02,1:05,0:46
696aadbe5f98d929df761ba7,1:55,0:05,0:22,0:00,0:04,1:04,0:16
696aadc1145352505811cdc8,3:36,0:33,0:37,0:00,0:05,1:44,0:35
696aadc367e7805e7ccc0653,1:58,0:11,0:17,0:00,0:02,1:04,0:21
696aadcbee35219671457025,1:53,0:12,0:18,0:00,0:01,1:05,0:14
696aadd04f0a0dd760063800,N/A,,,,,,
696aadcc106db3196518c2b5,3:38,0:35,0:32,0:00,0:08,1:40,0:40
696aadcc2e06cee5a998cf6e,3:02,0:54,0:29,0:00,0:03,1:06,0:27
696aadcdcb09922b7093fffe,2:12,0:04,0:28,0:00,0:02,1:08,0:27
696aadd1b75c187745b9cd23,1:52,0:03,0:22,0:00,0:03,1:11,0:10
696aadcecbaf986e0903371f,3:53,1:56,0:19,0:00,0:02,1:01,0:32
696aadde875fad777f44c35f,3:06,0:20,0:34,0:00,0:05,1:47,0:18
696aae20a65ebc2b7ad8a637,N/A,0:07,,,,,
696aade2958618d23e1e639b,2:26,0:06,0:21,0:00,0:04,1:20,0:34
696aadf9f8aa712e65a919c7,2:48,0:18,0:34,0:00,0:04,1:28,0:22
696aae19cbd87b9307f02a7b,2:19,0:04,0:22,0:00,0:04,1:12,0:35
696aae30df670da64c15e3dd,2:49,0:30,0:24,0:00,0:03,1:28,0:21
696aae379bec0f25ec89b155,3:18,0:13,0:36,0:00,0:08,1:36,0:43
696aae3887f1fc484db81460,1:54,0:07,0:22,0:00,0:04,1:07,0:11
696aae3d5cbb7cc7714429f9,2:02,0:04,0:27,0:00,0:03,1:12,0:14
696aae3faef987622a1af2bf,3:12,0:18,0:18,0:00,0:04,1:05,1:24
696aae45bc69bb83cffc9aec,2:32,0:05,0:31,0:00,0:05,1:29,0:19
696aae5bfc27802ac447ceaf,2:52,0:21,0:21,0:00,0:04,1:49,0:15
696aae6d11d008a4a93f0465,2:23,0:05,0:29,0:00,0:03,1:28,0:15
696aae7e036094a5fe95e5d6,2:10,0:03,0:29,0:00,0:05,1:18,0:14
696aaeac04760b7ad7671a19,6:17,0:04,0:17,0:00,0:01,1:05,4:48
696aaeb1106e8fa376524f26,1:49,0:08,0:18,0:00,0:03,1:03,0:14
696aaec04ed9a52e7d715492,2:24,0:18,0:25,0:00,0:08,1:07,0:24
696aaebe52e12d7b1a25b672,2:50,0:16,0:36,0:00,0:05,1:28,0:24
696aaec1af948b7e6bcddea8,2:27,0:28,0:30,0:00,0:02,1:08,0:17
696aaec1e088e7ea49430d21,N/A,,,,,,
696aaec4d5f2a79ed61af58c,N/A,0:03,,,,,
696aaee54100b4971fc1079f,N/A,,,,,,
696aaec4ec9ab9f3e40e1ca9,1:59,0:03,0:26,0:00,0:04,1:13,0:10
696aaedcd6c7f0b19c013643,3:13,0:18,0:32,0:00,0:05,1:54,0:16
696aaef0336f6d45d7159fb1,2:17,0:03,0:21,0:00,0:03,1:16,0:32
696aaeec16ad3a20c40c99c4,1:54,0:04,0:16,0:00,0:02,1:01,0:28
696aaf25456aae75c5971930,2:00,0:05,0:22,0:00,0:01,1:16,0:14
696aaf2ca757d4cd36d71675,1:46,0:07,0:18,0:00,0:04,0:59,0:15
696aaf2f7dfc2fc4c1353387,4:12,0:05,0:37,0:00,0:05,2:30,0:32
696aaf680587b3a05ff64a6d,1:44,0:04,0:18,0:00,0:02,1:05,0:13
696aaf5523102442f8f94ce0,2:07,0:03,0:24,0:00,0:04,1:10,0:23
696aaf3ca6f5517e81d80416,1:51,0:04,0:24,0:00,0:01,1:11,0:08
696aaf7b0d23a627c01efed6,2:47,0:03,0:27,0:00,0:01,1:32,0:42
696aafa95ef0b4ad43ebd231,0:00,,,,,,
696aaf9ba7eb510df080000e,2:38,0:08,0:31,0:00,0:04,1:05,0:24
696aafa4adb55fa462450e0e,3:25,0:24,0:34,0:00,0:05,1:36,0:44
696aafb3ade18eeefa3483b8,N/A,1:27,0:19,0:00,0:02,1:13,0:19
696aafb8bd8fb83c7ba3db13,2:52,0:10,0:48,0:00,0:05,1:18,0:28
696aafb72f0ef706af47de17,2:59,0:03,0:45,0:00,0:06,1:34,0:28
696aafc14d2ee252aed8b4bb,3:10,0:03,0:28,0:00,0:03,2:16,0:16
696aafc573502aadf9db4a02,2:34,0:38,0:21,0:00,0:04,1:20,0:09
696aafd99a6da9ea1b073f04,2:37,0:03,0:37,0:00,0:06,1:31,0:19
696ab008e900347970d866b1,4:35,0:30,0:30,0:00,0:10,2:37,0:43
696ab023744682b95d2f87a7,3:21,0:06,0:24,0:00,0:06,1:38,1:05
696ab01f7a1ce3da73712435,2:22,0:04,0:31,0:00,0:02,1:08,0:31
696ab024848622d195d229c7,2:32,0:03,0:22,0:00,0:02,1:12,0:50
696ab03184e8c6eec87267ef,2:28,0:10,0:28,0:00,0:03,1:30,0:16
696ab0704e03dc6d6aebd2aa,3:17,1:08,0:24,0:00,0:03,1:11,0:29
696ab0cc9973326afa1f881f,N/A,,,,,,
696ab07976e6771ca4163895,2:46,0:11,0:28,0:00,0:06,1:19,0:39
696ab086d7508d25e5d62cc9,3:13,0:25,0:34,0:00,0:06,1:34,0:32
696ab097a7eb510df0800022,2:44,0:24,0:20,0:00,0:03,1:36,0:18
696ab0db028cab8604a26a15,N/A,1:11,,,,,
696ab11827526e34bb63751b,N/A,,,,,,
696ab0eab5a8d76c545d131f,3:39,1:09,0:29,0:00,0:06,1:26,0:27
696ab0f276e6771ca41638a9,1:43,0:05,0:18,0:00,0:02,1:01,0:15
696ab0fc4ae29a9841486569,2:35,0:08,0:42,0:00,0:03,1:11,0:28
696ab115107b8a41aff8082e,2:47,0:05,0:24,0:00,0:07,1:04,1:04
696ab1192f0ef706af47de36,4:09,1:47,0:27,0:00,0:02,1:34,0:13
696ab11afbd79dc9ba071c9e,2:55,0:38,0:25,0:00,0:02,1:25,0:23
696ab11a79ef2b5afd11b114,2:53,0:25,0:38,0:00,0:06,1:25,0:17
696ab11e14a0d155c94ef5a3,2:12,0:20,0:23,0:00,0:04,1:01,0:21
696ab127c173f512c17872c9,1:55,0:04,0:19,0:00,0:03,1:11,0:14
696ab12982677e9f80ed3d9b,2:41,0:13,0:27,0:00,0:04,1:20,0:34
696ab12bd6c7f0b19c01366a,1:50,0:05,0:22,0:00,0:04,1:06,0:11
696ab12c887abea8f4dee0a8,N/A,,,,,,
696ab13b60e9440d1240c1dd,N/A,,,,,,
696ab12e7951a43eb1942e2e,3:43,0:14,0:18,0:00,0:03,1:09,1:57
696ab12fafb22ef8d14bdb6d,2:15,0:06,0:27,0:00,0:04,1:18,0:16
696ab136ca162e4ec10d311a,3:23,0:58,0:30,0:00,0:03,1:15,0:34
696ab13a90462014205c3a68,2:01,0:04,0:24,0:00,0:04,1:02,0:26
696ab13cb4b9fc5e5293bc7e,N/A,0:08,0:28,0:00,0:04,,
696ab140a7971a6710a992ab,0:02,,,,,,
696ab13cc9c22e92e6da8c03,2:35,0:09,0:30,0:00,0:06,1:28,0:19
696ab140ec4590adb98dd256,2:01,0:04,0:21,0:00,0:02,1:13,0:20
696ab13f741d91a01ed40b1d,4:09,0:43,0:50,0:00,0:12,1:34,0:48
696ab1444d28717d4a0b8f88,2:46,0:08,0:24,0:00,0:03,1:08,1:00
696ab143654f1425790b94e7,4:01,0:12,0:34,0:00,0:05,1:39,1:30
696ab144a3076085b7055c93,3:17,0:36,0:27,0:00,0:04,1:27,0:40
696ab146236a6fa235f3b54f,4:45,0:27,1:14,0:00,0:03,2:32,0:26
696ab14822b4fd6264f03ad8,2:55,0:06,0:27,0:00,0:03,1:42,0:35
696ab146e1c307c7c3900257,2:41,0:33,0:30,0:00,0:04,1:02,0:29
696ab14cbe7e9d66fd3371e7,2:14,0:11,0:17,0:00,0:02,1:17,0:24
696ab14dade18eeefa3483fb,4:19,1:24,0:34,0:00,0:09,1:21,0:47
696ab151bb1d82c8a8888309,4:49,0:13,0:22,0:00,0:04,1:23,2:44
696ab15339099abb8eeb6150,N/A,,,,,,
696ab15589388068afe8a590,3:47,0:23,0:45,0:00,0:10,2:00,0:27
696ab15cfd2d9c2bccacd525,1:57,0:07,0:22,0:00,0:03,1:10,0:13
696ab17cac8e86fc9e80b2c4,2:50,0:09,0:31,0:00,0:04,1:31,0:32
696ab17f4f1acaecf1398abf,3:20,0:09,0:56,0:00,0:06,1:34,0:32
696ab194f332d3cdc71f8293,3:13,0:07,0:26,0:00,0:03,1:38,0:56
696ab195ece75e862fc907fd,3:35,0:12,1:10,0:00,0:05,1:26,0:40
696ab19c79ef2b5afd11b11f,N/A,,,,,,
696ab1a05ef0b4ad43ebd24c,N/A,,,,,,
696ab198c4d23e967e47df71,2:53,0:41,0:23,0:00,0:05,1:22,0:20
696ab1a037bb976a89a8e786,4:41,1:58,0:35,0:00,0:06,1:17,0:43
696ab1a811ccb26a1ff6bbcc,4:49,0:23,0:39,0:00,0:03,1:30,2:11
696ab1a4c173f512c17872db,2:00,0:26,0:19,0:00,0:02,0:59,0:12
696ab1972e3736485975399b,2:53,0:10,0:25,0:00,0:03,2:02,0:11
696ab1993eae19931179da4f,2:23,0:12,0:22,0:00,0:03,1:33,0:11
696ab1a84d857f20c4531930,3:29,0:03,0:39,0:00,0:09,1:17,1:19
696ab1afd6c7f0b19c013679,7:32,0:09,6:03,0:00,0:02,1:06,0:09
696ab1b03501e779c50e1f33,2:26,0:05,0:32,0:00,0:02,1:22,0:21
696ab1b36d8a7a127311b387,1:58,0:08,0:22,0:00,0:04,1:14,0:08
696ab1b38ff3f62b835c33ee,1:53,0:03,0:20,0:00,0:03,1:14,0:11
696ab1ba2c06e6298dc8b7c5,2:36,0:10,0:32,0:00,0:02,1:17,0:33
696ab1c911d008a4a93f04ba,0:00,,,,,,
696ab1bdad4ab291458d4529,4:01,0:04,0:53,0:00,0:10,2:01,0:51
696ab1bd6a52199860f7dc20,3:31,0:17,0:35,0:00,0:06,2:12,0:18
696ab1c2ea03b5a19bfb278b,2:19,0:08,0:23,0:00,0:03,1:12,0:32
696ab1c8d6ba904484d418d6,2:09,0:07,0:19,0:00,0:02,1:01,0:37
696ab1c3ebcd1d060bb74635,2:21,0:11,0:27,0:00,0:03,1:05,0:31
696ab1d04aa9c65700b7daaa,1:55,0:08,0:20,0:00,0:02,1:04,0:18
696ab1d769ad0c5239be3677,3:07,0:31,0:41,0:00,0:06,1:19,0:44
696ab1d23213698755aacd1f,2:41,0:13,0:32,0:00,0:06,1:24,0:24
696ab1d0c13b9ba2ea21b191,3:11,0:10,0:40,0:00,0:06,1:17,0:55
696ab1da5de3c2a8693b47d7,3:00,0:05,0:33,0:00,0:04,1:24,0:51
696ab1d9438706a91a4d9193,3:54,0:12,0:47,0:00,0:02,1:44,1:06
696ab1dbcbd87b9307f02ab6,2:24,0:03,0:18,0:00,0:04,1:29,0:27
696ab1e3706764ee44e0e6cb,2:22,0:15,0:21,0:00,0:03,1:20,0:21
696ab1dcfc27802ac447ceec,3:47,0:33,0:39,0:00,0:09,1:40,0:44
696ab1e4c74a3fe98f0cc169,2:43,0:03,0:39,0:00,0:03,1:36,0:19
696ab1eaffcf206851d8a480,2:06,0:10,0:18,0:00,0:02,1:03,0:31
696ab1feddde597405761731,2:14,0:17,0:23,0:00,0:04,1:03,0:26
696ab208a52225f265d56c5d,N/A,,,,,,
696ab1ffc67b3a585b3ba6c7,3:19,0:23,0:34,0:00,0:10,1:20,0:51
696ab207bb1d82c8a8888319,4:03,0:08,1:38,0:00,0:05,1:47,0:23
696ab20ae4a439efa2671e88,1:46,0:07,0:19,0:00,0:01,1:08,0:10
696ab23009f7b657cd0c07d0,2:35,0:04,0:23,0:00,0:02,1:28,0:36
696ab22ec7dbe75a3b160750,1:47,0:02,0:22,0:00,0:05,0:58,0:15
696ab231d203a82d2c6e7fb2,N/A,0:04,,,,,
696ab231d5f2a79ed61af5d2,2:26,0:09,0:25,0:00,0:02,1:31,0:16
696ab235cbd87b9307f02abe,4:31,0:14,1:06,0:00,0:05,2:31,0:32
696ab23db90edd8313ed5943,2:05,0:04,0:24,0:00,0:03,1:09,0:23
696ab23f0ac3dc411ed8a3b4,2:15,0:14,0:27,0:00,0:03,1:16,0:11
696ab241d4e82dcf66081fee,4:01,0:05,1:15,0:00,0:02,1:26,0:37
696ab2485f6fb139bd6de374,7:21,5:12,0:26,0:00,0:03,1:08,0:29
696ab249662662a29c0c9b74,4:10,1:26,0:38,0:00,0:06,1:24,0:31
696ab24b037376da3f9c49b9,N/A,,,,,,
696ab2547b7848a3d164064e,1:44,0:06,0:16,0:00,0:01,1:08,0:10
696ab2520a2a1a50a88f4e06,2:17,0:11,0:24,0:00,0:04,1:20,0:16
696ab25b0d23a627c01eff1d,2:42,0:14,0:28,0:00,0:04,1:25,0:26
696ab26080d7a1140083c836,1:57,0:06,0:19,0:00,0:02,1:03,0:25
696ab25eb6d6dea7b447c9ed,3:55,0:28,0:29,0:00,0:05,2:13,0:36
696ab25ac0c6a7191b446479,1:56,0:08,0:22,0:00,0:03,1:04,0:17
696ab264472f15ead380b26f,N/A,,,,,,
696ab2615418113a75be2e81,2:45,0:05,0:35,0:00,0:06,1:17,0:39
696ab26190b95e2476075171,2:41,0:05,0:32,0:00,0:04,1:41,0:17
696ab263a6f70fd34abed5db,2:21,0:09,0:24,0:00,0:04,1:17,0:25
696ab26416ad3a20c40c9a0a,2:27,0:05,0:22,0:00,0:04,1:44,0:09
696ab262716e4e639e0534ff,5:01,1:01,0:44,0:00,0:07,2:17,0:49
696ab266759c052e8a16060b,2:17,0:09,0:24,0:00,0:05,1:00,0:37
696ab2687bddbe62fb55438f,2:38,0:18,0:26,0:00,0:04,1:27,0:21
696ab268028cab8604a26a34,1:45,0:05,0:17,0:00,0:03,1:06,0:11
696ab26a741f510bc505065c,2:56,0:06,0:32,0:00,0:03,1:35,0:37
696ab273759c052e8a16060d,2:29,0:04,0:26,0:00,0:05,1:13,0:38
696ab27d0bfb94389807b2cb,1:55,0:03,0:21,0:00,0:03,1:10,0:17
696ab291ac8e86fc9e80b2d8,N/A,0:08,0:29,,,,
696ab2802a9ccad167d2a722,2:30,0:08,0:39,0:00,0:02,1:16,0:22
696ab28bab79500fa9a8e29b,1:57,0:03,0:20,0:00,0:03,1:05,0:25
696ab2984b449a0440e22275,1:54,0:03,0:17,0:00,0:04,1:12,0:17
696ab29bc6b934378f0f3a17,2:03,0:14,0:23,0:00,0:02,1:02,0:21
696ab29969a7e7dfe69f8423,2:10,0:11,0:28,0:00,0:03,1:09,0:18
696ab2a0985da308a9f28a71,3:18,0:22,0:27,0:00,0:03,1:33,0:51
696ab2a2a04d30e4751c0f16,2:03,0:04,0:25,0:00,0:03,1:16,0:11
696ab2a9d83007aa07ed3ac2,2:54,0:07,0:43,0:00,0:07,1:24,0:31
696ab2af9fbe88614c076695,3:09,0:32,0:31,0:00,0:04,1:37,0:23
696ab2ab9755be3e227121d1,2:45,0:19,0:29,0:00,0:04,1:23,0:26
696ab2ab16ad3a20c40c9a0f,1:47,0:03,0:15,0:00,0:03,1:06,0:18
696ab2b04176019d4aa44d99,2:24,0:10,0:27,0:00,0:05,1:14,0:26
696ab2c0fab24116f2fa2411,2:15,0:03,0:33,0:00,0:04,1:06,0:26
696ab2c19037fe61bb88a7b7,3:42,0:28,1:52,0:00,0:02,1:07,0:11
696ab2be5df49263b729b917,1:54,0:06,0:25,0:00,0:03,1:08,0:11
696ab2dc14a0d155c94ef5db,3:09,0:05,0:41,0:00,0:03,2:03,0:15
696ab2cd128b03f0fe4998fa,3:09,0:39,0:30,0:00,0:05,1:24,0:29
696ab2e2c78d3ed0c7168541,0:01,,,,,,
696ab2ec47b2938b53337499,N/A,0:14,,,,,
696ab2dc6b1cdebe8c0c586a,3:27,0:16,1:13,0:00,0:07,1:06,0:41
696ab2e87deafd8fe4fc3439,3:52,0:07,0:30,0:00,0:05,1:24,1:43
696ab2ff871d8d771e38e472,2:29,0:25,0:20,0:00,0:05,1:06,0:30
696ab2f219023712a70130d2,2:56,0:07,0:35,0:00,0:04,1:31,0:36
696ab30673ca543fb323bb04,2:57,0:10,0:54,0:00,0:03,1:31,0:16
696ab30dc83b5b87ad93bd99,N/A,,,,,,
696ab30a84e8c6eec8726824,3:00,0:03,0:20,0:00,0:02,1:33,1:00
696ab31c767a4c2b3ce67b5a,N/A,0:05,,,,,
696ab317a7ad32e48f163a81,2:09,0:06,0:25,0:00,0:02,1:20,0:13
696ab342c28e3a1ceaaacda1,2:09,0:08,0:21,0:00,0:02,1:05,0:30
696ab34eee5c07879ed41b7e,1:56,0:03,0:21,0:00,0:03,1:08,0:18
696ab36176fb0bf53aa76184,2:04,0:04,0:21,0:00,0:04,1:15,0:17
696ab36d88c98255bd368f51,N/A,,,,,,
696ab369a5fdaf08b4e0cd63,2:11,0:04,0:30,0:00,0:03,1:09,0:23
696ab37147077df272c20324,2:59,0:13,0:26,0:00,0:04,1:18,0:56
696ab398a58eca422bf306bc,2:02,0:05,0:27,0:00,0:04,1:13,0:12
696ab37623ff8d5eeff03cdb,5:08,0:54,0:42,0:00,0:06,2:08,1:14
696ab3824176019d4aa44dac,3:26,0:16,0:45,0:00,0:06,1:44,0:32
696ab3978c7864a05630a4d2,2:13,0:07,0:27,0:00,0:03,1:26,0:09
696ab3b64e03dc6d6aebd2e8,3:42,0:06,0:31,0:00,1:19,1:29,0:15
696ab3bd3ebbc23715854bd7,N/A,,,,,,
696ab3bea5aefaac442783ee,0:00,,,,,,
696ab3d63fc7bcad295ae670,2:20,0:11,0:25,0:00,0:04,1:26,0:12
696ab3e5c8253a71b26378d0,2:30,0:20,0:45,0:00,0:04,1:06,0:13
696ab3ee39099abb8eeb618a,3:11,0:10,0:28,0:00,0:06,1:56,0:29
696ab3f15554bafe2565e30d,2:06,0:03,0:18,0:00,0:03,1:09,0:30
696ab3eec9c22e92e6da8c4d,2:54,0:09,0:44,0:00,0:03,1:27,0:28
696ab3f23bf0f4d3ae737887,0:01,,,,,,
696ab3f52b6ca0386be15e20,N/A,,,,,,
696ab42f01afc7561802d685,N/A,,,,,,
696ab426c9b4f96bbe1c730f,3:08,0:10,0:30,0:00,0:02,1:37,0:48
696ab43b27526e34bb637554,3:02,0:06,0:40,0:00,0:07,1:38,0:29
696ab4439ae8cec0f15a541b,2:11,0:05,0:24,0:00,0:04,1:21,0:15
696ab46068ceaae5fd8b0a48,N/A,,,,,,
696ab4475935431e8c9fc33a,3:04,0:06,0:44,0:00,0:04,1:28,0:40
696ab46e2a9ccad167d2a7b1,N/A,,,,,,
696ab454484000fb3bf0e8d1,3:57,0:05,0:56,0:00,0:09,1:43,1:03
696ab46a09366a53dbaeb4aa,2:53,0:25,0:21,0:00,0:02,1:31,0:30
696ab46db5a8d76c545d1367,3:15,0:22,0:20,0:00,0:06,1:30,0:36
696ab47786c13fc700e220f6,2:52,0:10,0:51,0:00,0:01,1:31,0:16
696ab48eb6d6dea7b447ca0a,2:28,0:15,0:36,0:00,0:08,1:00,0:26
696ab4a741ece0be2155ad91,3:20,0:12,0:57,0:00,0:04,1:33,0:32
696ab4940afab7a40f00ec97,2:06,0:11,0:19,0:00,0:09,1:10,0:14
696ab4924f63ae60fbbbf97d,1:57,0:05,0:16,0:00,0:02,1:02,0:29
696ab491c33adb78ee768039,2:43,0:05,0:44,0:00,0:07,1:28,0:17
696ab4d69bdb292d63eb41d8,3:14,0:47,0:41,0:00,0:04,1:19,0:21
696ab4dc7bddbe62fb5543b7,N/A,,,,,,
696ab4e5630c68c82d49d8ca,N/A,0:12,,,,,
696ab508ceccdeb5dc40c877,N/A,,,,,,
696ab4db54b6c7c3ab3fe9eb,3:22,0:12,0:43,0:00,0:09,1:51,0:26
696ab506e76026db6554340c,2:07,0:23,0:21,0:00,0:02,1:07,0:12
696ab4eba757d4cd36d716d9,2:36,0:08,0:24,0:00,0:04,1:02,0:55
696ab50c56ffab03fe4b4530,2:10,0:04,0:27,0:00,0:11,1:11,0:14
696ab513c6dd35642bd2a86f,2:29,0:08,0:31,0:00,0:02,1:15,0:29
696ab526fd2d9c2bccacd572,2:16,0:04,0:23,0:00,0:04,1:19,0:22
696ab5596d279586f18b0be9,2:22,0:06,0:37,0:00,0:10,1:14,0:13
696ab5383e649d6848887efe,1:54,0:07,0:19,0:00,0:02,1:06,0:18
696ab58551946622c6fa25ca,2:17,0:03,0:18,0:00,0:04,1:12,0:38
696ab5e395985b143cd71519,N/A,,,,,,
696ab5869fbe88614c0766ca,2:10,0:23,0:24,0:00,0:02,1:04,0:14
696ab5a90afab7a40f00ecaa,1:40,0:05,0:18,0:00,0:02,1:00,0:12
696ab604069b146d5694a220,1:59,0:05,0:18,0:00,0:03,1:18,0:13
696ab60eee5c07879ed41bc4,3:07,0:05,0:39,0:00,0:08,1:31,0:42
696ab60b57fc517c848f89a9,4:45,0:30,0:50,0:00,0:17,2:04,1:02
696ab612586bf05339a26cf3,3:08,0:06,0:30,0:00,0:05,1:29,0:56
696ab6284705591e6315e51c,4:10,0:30,0:42,0:00,0:14,1:15,1:27
696ab63c61f069e47806fe51,2:10,0:06,0:25,0:00,0:07,1:21,0:07
696ab64673502aadf9db4a83,3:24,0:12,0:32,0:00,0:06,1:59,0:34
696ab661f356c178646e38d8,2:08,0:06,0:24,0:00,0:05,1:07,0:24
696ab6ad0587b3a05ff64afb,4:53,0:10,0:43,0:00,0:07,1:48,2:03
696ab6759d5ac244f83c9900,3:26,0:41,0:24,0:00,0:04,1:30,0:45
696ab6f0d83007aa07ed3afa,N/A,,,,,,
696ab6f54aa9c65700b7db12,N/A,0:03,,,,,
696ab6e569ad0c5239be36f0,3:42,0:04,1:00,0:00,0:05,1:18,1:13
696ab71ce76026db65543448,1:58,0:06,0:22,0:00,0:01,1:13,0:14
696ab72eeafb469bb181d469,3:54,1:56,0:24,0:00,0:03,1:08,0:20
696ab704aef987622a1af352,4:36,1:25,0:47,0:00,0:07,1:40,0:32
696ab7447648c7e49fa8f20c,1:52,0:09,0:18,0:00,0:01,1:09,0:13
696ab7b569a7e7dfe69f8484,2:02,0:03,0:16,0:00,0:02,1:05,0:34
696ab7647191a8aae4fbb65c,2:23,0:04,0:34,0:00,0:04,1:16,0:21
696ab7bebf01c8ae2cc265f3,2:26,0:05,0:19,0:00,0:04,1:46,0:10
696ab85539099abb8eeb61f2,2:08,0:15,0:22,0:00,0:02,1:06,0:21
696ab86727526e34bb6375a8,2:51,0:15,0:45,0:00,0:08,1:24,0:17
696ab86b107b8a41aff808ac,4:05,1:18,0:21,0:00,0:03,1:24,0:57
696ab896f6fa8af96114ba05,3:36,1:18,0:22,0:00,0:02,1:12,0:39
696ab8933501e779c50e1fb0,18:54,0:09,16:26,0:00,0:03,1:39,0:35
696ab8b5aef987622a1af388,N/A,,,,,,
696ab89b90b95e24760751e1,N/A,0:03,0:33,,,,
696ab8ea390e39fcec631331,4:24,0:13,0:41,0:00,0:07,1:40,1:41
696ab9b79a6da9ea1b073fcb,N/A,,,,,,
696ab9aa2ea70c1c61ba58ce,3:09,0:03,0:21,0:00,1:03,1:19,0:21
696ab9a12a5b4696904211c2,2:01,0:04,0:18,0:00,0:02,1:18,0:17
696ab9a41a5fa264aa2ce993,3:52,0:09,0:33,0:00,0:05,2:00,1:02
696ab9ca358307591afca7d5,2:17,0:03,0:21,0:00,0:01,1:41,0:08
696ab9f8c6dd35642bd2a8f9,N/A,,,,,,
696aba78463c1411cdc9f05a,N/A,,,,,,
696aba3bd6a87995c3db5015,1:43,0:06,0:18,0:00,0:01,0:58,0:17
696aba2622b4fd6264f03b94,2:07,0:08,0:21,0:00,0:03,1:09,0:23
696aba9b84dfc95669c2d23c,4:15,0:46,0:44,0:00,0:09,2:03,0:27
696aba9c76e6771ca4163d61,2:48,0:14,0:34,0:00,0:15,1:16,0:26
696abab4a25b4f26191e82d1,7:13,0:04,4:36,0:00,0:03,2:06,0:22
696abac890e7733bf5d7302d,3:07,0:08,0:26,0:00,0:03,1:12,1:15
696abafa782101b45c6c69ee,3:07,0:09,0:27,0:00,0:02,1:25,1:03
696abb25ed757ce52efbb92f,N/A,,,,,,
696abb084a820e69df18659e,1:57,0:05,0:25,0:00,0:05,1:07,0:14
696abb24d4cd0504c5bc3ea5,3:30,0:05,0:21,0:00,0:04,1:24,1:33
696abbd989388068afe8a62f,2:16,0:06,0:28,0:00,0:05,1:12,0:22
696abb7f79ef2b5afd11b205,6:35,0:38,0:35,0:00,0:06,1:38,3:36
696abbe39138e9776349e284,2:29,0:23,0:25,0:00,0:03,1:11,0:23
696abc06c9c22e92e6da8d1d,2:07,0:03,0:16,0:00,0:01,1:04,0:41
696abc73662662a29c0c9c5f,2:04,0:16,0:27,0:00,0:02,1:10,0:07
696abc7469ad0c5239be37ac,3:37,0:05,0:53,0:00,0:06,1:52,0:39
696abc9ca60c03d8d36511a4,3:30,1:16,0:30,0:00,0:03,1:24,0:15
696abcab8628a27642da19c7,2:01,0:13,0:22,0:00,0:02,1:08,0:13
696abe47b60de0eec8b5e818,N/A,,,,,,
696abe66f4f2325cc75ad142,N/A,,,,,,
696abe1964c9e645e4bbfd64,2:54,0:08,0:34,0:00,0:06,1:31,0:32
696abddaa09038e4de353659,1:50,0:03,0:19,0:00,0:01,1:03,0:21
696abde4782101b45c6c6a97,1:49,0:03,0:18,0:00,0:03,1:06,0:16
696abe05b6c8ab1233897550,3:20,0:09,0:44,0:00,0:04,1:58,0:22
696abec85df49263b729ba40,N/A,,,,,,
696abfb8e034f3a273885414,2:16,0:08,0:21,0:00,0:03,1:20,0:21
696abf4769a7e7dfe69f851d,2:32,0:03,0:21,0:00,0:03,1:38,0:24
696ac0bfee5c07879ed41cc3,2:05,0:03,0:23,0:00,0:03,1:12,0:22
696abe6860e9440d1240c2cd,1:56,0:03,0:22,0:00,0:03,1:18,0:08
696abf445f6fb139bd6de4b2,1:38,0:04,0:18,0:00,0:02,1:00,0:12
696abf41b2d2d905b9f12ef5,2:36,0:03,0:27,0:00,0:04,1:42,0:18
696ac1b9c7dbe75a3b160871,2:10,0:03,0:33,0:00,0:02,1:16,0:14
696ac16f9a6da9ea1b07404b,3:27,0:33,0:33,0:00,0:04,1:44,0:32
696ac268a9ea88ff3a454db9,2:05,0:07,0:29,0:00,0:04,1:07,0:16
696ac1c6c287499e1f6cba93,2:55,0:08,0:39,0:00,0:04,1:16,0:44
696ac37a95985b143cd71632,2:54,0:09,0:27,0:00,0:01,1:29,0:20
696ac39097a026f976eb61a1,1:49,0:03,0:21,0:00,0:03,1:06,0:13
696ac4eb8a84400fbff8f7a5,2:37,0:03,0:34,0:00,0:05,1:21,0:31
696ac3f11328d496f85e983a,2:17,0:06,0:30,0:00,0:04,1:14,0:21
696ac5e0d427f7bf311860e3,2:18,0:05,0:30,0:00,0:03,1:22,0:15
696ac6c54a820e69df186691,2:48,0:05,0:38,0:00,0:03,1:30,0:30
696ac7ba65c7378f1a7022a8,7:32,0:22,3:07,0:00,0:02,3:24,0:34
696ac93bf4f2325cc75ad1ea,2:36,0:08,0:39,0:00,0:06,1:23,0:17
696ac9597b333230264b3caf,N/A,,,,,,
696ac95d8aab0ecd54531e6f,N/A,,,,,,
696ac95064f70b7836edb2db,2:02,0:03,0:25,0:00,0:04,1:13,0:15
696ac95f655fb37306451369,2:39,0:03,0:26,0:00,0:04,1:47,0:16
696ac95304c217dcb3fb2273,2:24,0:20,0:19,0:00,0:03,1:09,0:31
696ac95a8c7864a05630a6ce,2:09,0:05,0:22,0:00,0:02,1:23,0:14
696ac96747077df272c20483,3:05,0:08,0:28,0:00,0:05,1:34,0:48
696ac967d668818a7ef350b4,5:19,0:23,1:30,0:00,0:18,2:04,1:02
696ac96cd203a82d2c6e8187,2:44,0:29,0:28,0:00,0:02,1:16,0:27
696ac974e0deff0a871c259c,2:32,0:09,0:28,0:00,0:05,1:23,0:24
696ac97823ff8d5eeff03e6a,5:19,2:36,1:05,0:00,0:10,1:27,2:05
696ac9699e9ee0a477f1581b,1:38,0:04,0:19,0:00,0:01,1:01,0:10
696ac9615545219f1d73766b,2:03,0:04,0:25,0:00,0:04,1:13,0:15
696ac98464b6a9874706c509,2:37,0:03,0:28,0:00,0:06,1:30,0:27
696ac99138554466c79b82a0,1:59,0:03,0:22,0:00,0:01,1:16,0:15
696ac99c1328d496f85e98a0,3:40,0:50,0:52,0:00,0:03,1:42,0:11
696ac99ebded388e5da20e9b,1:40,0:04,0:23,0:00,0:01,1:01,0:09
696ac9bc756d1217a2647f38,N/A,,,,,,
696ac9cd8c7864a05630a6d8,N/A,0:21,,,,,
696ac9cd7648c7e49fa8f3e6,2:14,0:03,0:20,0:00,0:02,1:09,0:37
696ac9bf4b4ba1f89523b683,1:52,0:05,0:24,0:00,0:03,1:05,0:13
696ac9d4b5fc6f02f60c54a9,4:11,0:03,0:24,0:00,0:09,2:20,0:16
696ac9d9f47b25d7bc94a13a,4:02,0:17,1:01,0:00,0:11,2:05,0:25
696ac9e162786a380771406f,6:28,0:04,1:56,0:00,0:01,3:48,0:38
696ac9e1ca4cdffd7f4998ca,2:09,0:09,0:20,0:00,0:03,1:07,0:29
696ac9e6142a8762b2a2b59e,3:58,0:06,0:37,0:00,0:04,2:34,0:35
696ac9f541ece0be2155af98,3:46,0:24,0:34,0:00,0:05,2:07,0:34
696aca13c173f512c1787507,2:47,0:14,0:24,0:00,0:05,1:27,0:33
696aca0814a0d155c94ef787,1:40,0:03,0:16,0:00,0:01,1:05,0:12
696aca0990462014205c3c53,2:02,0:11,0:18,0:00,0:02,1:18,0:12
696aca23118f298d0eec176d,4:27,0:40,0:34,0:00,0:06,2:28,0:36
696aca2e463c1411cdc9f152,2:06,0:15,0:22,0:00,0:04,1:06,0:17
696aca145f6fb139bd6de556,4:17,0:52,0:44,0:00,0:06,1:42,0:51
696aca4304760b7ad7671c55,2:48,0:18,0:31,0:00,0:08,1:07,0:36
696aca33cb09922b709401bf,3:58,0:45,0:21,0:00,0:05,1:32,1:14
696aca42b69677505e3e4200,2:00,0:03,0:23,0:00,0:04,1:12,0:16
696aca7d41ece0be2155afa0,N/A,,,,,,
696aca973ea26353e3b1f040,0:01,,,,,,
696aca6ad2a65d59fa767f4b,2:15,0:12,0:23,0:00,0:06,1:14,0:18
696aca7fcc26745cb88accc6,1:34,0:03,0:16,0:00,0:02,1:03,0:08
696aca92398d1f5ebdbbb31f,4:21,0:14,0:34,0:00,0:05,1:30,0:31
696aca8d856960ed91cbec5c,2:34,0:04,0:18,0:00,0:03,1:58,0:09
696acaa0d76a8eb3ffdbff5c,1:53,0:13,0:17,0:00,0:03,1:01,0:14
696acaa3bded388e5da20eb2,1:39,0:04,0:18,0:00,0:03,1:02,0:10
696acaa47a4469dcc3cde247,1:40,0:06,0:17,0:00,0:01,1:01,0:14
696acaa6128b03f0fe499b3e,2:33,0:06,0:20,0:00,0:04,1:31,0:31
696acaa8a47320943315a1bd,2:25,0:03,0:21,0:00,0:02,1:19,0:38
696acab97a4469dcc3cde249,2:21,0:04,0:40,0:00,0:02,1:17,0:17
696acab4cca261eef9e190e8,2:47,0:34,0:36,0:00,0:04,1:10,0:22
696acac05935431e8c9fc590,N/A,,,,,,
696acacd09366a53dbaeb6a9,2:34,0:13,0:29,0:00,0:02,1:18,0:30
696acae574a26be787caae2d,1:54,0:09,0:17,0:00,0:02,1:06,0:17
696acaf6a3076085b7055e4c,3:31,0:07,0:32,0:00,0:04,1:25,1:20
696acaddc9b4f96bbe1c74d3,2:19,0:04,0:21,0:00,0:02,1:13,0:37
696acaf0f86f4e8a9c2f0892,2:58,0:16,0:40,0:00,0:08,1:17,0:35
696acafd64d2619d72018362,2:02,0:03,0:23,0:00,0:03,1:21,0:09
696acb10c7dbe75a3b16098a,3:09,0:16,0:36,0:00,0:07,1:31,0:35
696acb3e04155816645736dc,N/A,0:09,0:31,0:00,0:05,,
696acafe9996df7484d3f6b4,1:49,0:08,0:18,0:00,0:01,1:07,0:13
696acb303bf0f4d3ae737aed,2:09,0:03,0:27,0:00,0:09,1:15,0:12
696acb2b83ea330f498dd78f,2:23,0:14,0:22,0:00,0:02,1:25,0:18
696acb22a9ea88ff3a454e68,6:12,3:18,0:38,0:00,0:02,1:42,0:30
696acb4d43e8e9be6173e9db,N/A,,,,,,
696acb3f1db008a7713ca155,2:35,0:23,0:16,0:00,0:02,1:12,0:39
696acb414f1acaecf1398d9e,2:03,0:04,0:27,0:00,0:01,1:15,0:14
696acb4b289708725b74862a,2:31,0:10,0:31,0:00,0:03,1:21,0:25
696acb55abbcb64c45da8732,2:40,0:08,0:24,0:00,0:02,1:40,0:23
696acb51a8ef22a1d32c330b,2:55,0:04,0:29,0:00,0:01,1:36,0:41
696acb570081090f518d4c9c,2:05,0:12,0:22,0:00,0:03,1:08,0:18
696acb76b25df2d36a76abf2,N/A,,,,,,
696acb7839c7ecf9bdfb2b46,2:33,0:06,0:27,0:00,0:04,1:30,0:22
696acbaf56ffab03fe4b46e1,2:03,0:04,0:17,0:00,0:01,1:19,0:20
696acbc04a27c0b10247ebc0,1:30,0:03,0:16,0:00,0:01,0:57,0:11
696acbc165c7378f1a70231c,2:48,0:12,0:30,0:00,0:06,1:21,0:36
696acb78b170d76844c26734,3:10,1:01,0:26,0:00,0:05,1:12,0:20
696acbdf0d49be9de7348d7e,2:04,0:05,0:19,0:00,0:02,1:07,0:29
696acbe2515624f34645dc8a,N/A,,,,,,
696acbe7fd2d9c2bccacd741,2:33,0:03,0:26,0:00,0:01,1:12,0:47
696acbef2a9ccad167d2a935,2:37,0:13,0:29,0:00,0:04,1:33,0:15
696acc3790f2123351b9d411,2:17,0:12,0:28,0:00,0:01,1:18,0:16
696acc25a85dd5f8d4fd4ced,2:21,0:31,0:20,0:00,0:02,1:03,0:18
696acc2c9a0d9caba5d73a8f,2:41,0:22,0:25,0:00,0:02,1:12,0:37
696acc38ac3885a8fec1be34,2:43,0:19,0:25,0:00,0:04,1:27,0:26
696acc5568aa7c05494c2e98,N/A,0:09,,,,,
696acc44ad4ab291458d47a7,1:39,0:05,0:18,0:00,0:02,1:02,0:11
696acc59463c1411cdc9f183,2:17,0:07,0:23,0:00,0:02,1:29,0:12
696acc5af60f2c91a93c25f6,2:24,0:03,0:19,0:00,0:04,1:17,0:38
696acc6d9b7d691736353207,2:47,0:10,0:28,0:00,0:04,1:36,0:27
696acc81d2334d0ca38138b4,2:30,0:04,0:40,0:00,0:05,1:26,0:13
696acc84756d1217a2647f7a,N/A,,,,,,
696acc94cb8d633f7955addd,1:57,0:04,0:21,0:00,0:03,1:10,0:17
696acc9c2803821ff98941f8,2:07,0:03,0:22,0:00,0:05,1:01,0:34
696acc9a0c99f108635c7e8f,2:02,0:03,0:25,0:00,0:02,1:19,0:10
696acc9fd23ea5c833ff93f0,2:06,0:06,0:22,0:00,0:03,1:16,0:16
696accb0fdb5a6d5e438e3ed,2:38,0:07,0:27,0:00,0:07,1:34,0:20
696accd8fdb5a6d5e438e3f4,3:16,0:13,0:35,0:00,0:06,1:17,1:03
696accdc8d53554cf3e49d96,3:59,0:53,0:34,0:00,0:03,1:30,0:55
696acce664f70b7836edb31a,2:54,0:05,0:32,0:00,0:03,1:44,0:28
696accf54ae29a984148676e,1:44,0:05,0:17,0:00,0:02,1:04,0:13
696accebc78d3ed0c716877a,2:43,0:23,0:19,0:00,0:02,1:26,0:30
696acd0bf2617d952681a0d7,2:49,0:12,0:34,0:00,0:08,1:28,0:25
696accf6e8c8a1d92efc2e6b,3:30,0:07,0:27,0:00,0:05,0:59,1:49
696acd109417ae641b8a2902,2:13,0:06,0:26,0:00,0:08,1:14,0:15
696acd2f54b6c7c3ab3febd7,1:59,0:04,0:27,0:00,0:04,1:08,0:14
696acd63782101b45c6c6bee,1:43,0:03,0:19,0:00,0:02,1:03,0:13
696acd2d86d3e4ebdd47eb99,2:21,0:03,0:29,0:00,0:03,1:21,0:21
696acd52c78d3ed0c7168787,2:01,0:13,0:20,0:00,0:03,1:13,0:11
696acd317674dbf6a28f50a0,2:27,0:05,0:25,0:00,0:02,1:10,0:42
696acd6bd85d409269fbd2a2,1:53,0:05,0:28,0:00,0:03,1:03,0:11
696acd6d9b107451fc748ca9,1:42,0:03,0:20,0:00,0:04,1:02,0:11
696acd7068aa7c05494c2eb5,2:24,0:08,0:27,0:00,0:06,1:14,0:27
696acd70782101b45c6c6bf0,1:46,0:08,0:22,0:00,0:04,0:59,0:11
696acda1fb74058716a7cc97,4:06,0:04,0:28,0:00,0:02,1:20,2:10
696acd8c217d7ee05065086f,2:47,0:04,0:50,0:00,0:05,1:27,0:19
696acdb1b88dcb93e5083de3,N/A,,,,,,
696acdaa1717fbfcd65b0e79,1:50,0:02,0:25,0:00,0:06,1:05,0:09
696acdbd818497718a627016,2:27,0:17,0:19,0:00,0:02,1:11,0:36
696ace281328d496f85e98f2,1:56,0:02,0:19,0:00,0:02,1:09,0:21
696acdc84b4ba1f89523b6e6,10:06,0:03,0:20,0:00,0:03,1:14,8:23
696acdc9ea7f556413caae8f,3:25,0:20,0:34,0:00,0:09,1:11,1:08
696ace1739099abb8eeb63da,2:47,0:17,0:28,0:00,0:05,1:17,0:38
696ace41d7508d25e5d62e4f,0:00,,,,,,
696ace36f60f2c91a93c262d,2:20,0:09,0:22,0:00,0:06,1:20,0:21
696ace5dc20590b561d7575b,N/A,,,,,,
696ace56d3eba89603fca826,1:58,0:04,0:22,0:00,0:01,1:18,0:11
696ace4b150541a7c3130bb0,2:49,0:13,0:31,0:00,0:04,1:04,0:54
696ace52c7a6129cbc5125e9,4:44,0:45,0:41,0:00,0:20,1:39,1:16
696acecc236a6fa235f3b85f,N/A,0:03,0:23,0:00,0:01,,
696ace8a0edd5ea989389db3,2:15,0:07,0:27,0:00,0:03,1:21,0:15
696acea1aef987622a1af91e,2:00,0:03,0:17,0:00,0:01,1:22,0:13
696acee8043d3f7eb7c293cf,N/A,,,,,,
696aced14705591e6315e79f,2:57,0:03,0:30,0:00,0:07,1:20,0:54
696acef4cedc56d2024c20f5,2:00,0:07,0:17,0:00,0:04,1:09,0:21
696acf07041997d2f9b1f190,2:14,0:03,0:23,0:00,0:06,1:31,0:08
696acf0601afc7561802d851,2:05,0:04,0:15,0:00,0:02,1:11,0:31
696acf20871d8d771e38e6e0,3:06,0:05,0:30,0:00,0:03,1:20,1:05
696acf6c43160d07aa06fad1,3:23,0:04,0:24,0:00,0:03,2:19,0:30
696acf76982eb4d3917337f3,2:21,0:10,0:30,0:00,0:11,1:14,0:13
696acfce9a6da9ea1b074124,N/A,,,,,,
696acf89217d7ee0506508f3,2:19,0:04,0:28,0:00,0:02,1:24,0:19
696acfce0c99f108635c7ec5,2:31,0:17,0:27,0:00,0:04,1:28,0:13
696ad0189a6da9ea1b074127,2:02,0:03,0:26,0:00,0:04,1:11,0:16
696acffe40eed44bea3dd976,2:11,0:03,0:17,0:00,0:02,1:12,0:34
696ad0320414b4187ed3f875,3:31,0:51,0:34,0:00,0:09,1:28,0:23
696ad056046f2578401efeb1,0:01,,,,,,
696ad03d5285c4052530990a,1:43,0:06,0:15,0:00,0:02,0:58,0:19
696ad049043d3f7eb7c293f8,3:03,0:07,0:46,0:00,0:10,1:21,0:37
696ad0e76b6ee0f956c7c00d,2:35,0:03,0:34,0:00,0:04,1:22,0:30
696ad0c93ae07f55e2a326c9,2:11,0:16,0:20,0:00,0:04,1:18,0:12
696ad091cc26745cb88acd4a,3:03,0:25,0:27,0:00,0:04,1:32,0:32
696ad1568e781fd039930f9a,1:52,0:03,0:19,0:00,0:02,1:07,0:18
696ad1ac19023712a70133dd,5:12,0:08,0:48,0:00,0:02,2:07,2:04
696ad22430968d07c3d8c021,N/A,,,,,,
696ad230835d948664fdbe6a,0:00,,,,,,
696ad22b9b107451fc748d03,4:24,1:07,0:31,0:00,0:04,1:40,0:58
696ad287a3076085b7055ee2,N/A,0:04,,,,,
696ad26237e5b30fae9a3495,2:03,0:11,0:19,0:00,0:02,1:18,0:11
696ad299c1ab0d73d8c0dfd9,3:05,0:10,0:28,0:00,0:06,1:33,0:45
696ad2cca5fdaf08b4e0d00b,2:24,0:03,0:40,0:00,0:06,1:17,0:16
696ad2d2fe02a023e928391e,N/A,,,,,,
696ad34539c7ecf9bdfb2c01,3:10,0:19,0:45,0:00,0:08,1:26,0:28
696ad35936718aa4e003448f,2:16,0:02,0:23,0:00,0:05,1:25,0:19
696ad3920d23a627c01f0322,3:12,0:05,0:35,0:00,0:06,1:26,0:58
696ad406b33aeae2708a23ad,N/A,,,,,,
696ad3a0046f2578401eff18,2:41,0:06,0:33,0:00,0:03,1:31,0:26
696ad3bd302cc68ae5940a2d,2:00,0:03,0:21,0:00,0:03,1:14,0:16
696ad43012200ea735c2e22d,2:29,0:05,0:23,0:00,0:03,1:30,0:26
696ad4aa9280cb0d552179ef,2:39,0:05,0:24,0:00,0:03,1:17,0:48
696ad4cafab24116f2fa2ae1,N/A,0:07,0:32,0:00,0:05,,
696ad483632b6f2476c9d8eb,3:11,0:27,0:44,0:00,0:10,1:29,0:19
696ad4b751cccee8b2a2bd5f,3:15,0:04,0:40,0:00,0:07,2:00,0:21
696ad506ab79500fa9a8ec2e,3:48,0:45,0:38,0:00,0:07,1:26,0:50
696ad548aa32e4fe90d6339f,N/A,,,,,,
696ad5217cffb55209a5813e,3:22,0:13,0:31,0:00,0:10,1:37,0:48
696ad522802f72d620a91f1c,2:29,0:11,0:24,0:00,0:06,1:37,0:09
696ad54dd83007aa07ed3d17,2:25,0:06,0:34,0:00,0:04,1:23,0:15
696ad556250ba815a92171bb,4:02,0:40,0:38,0:00,0:10,1:29,1:03
696ad561a3076085b7055f3a,2:51,0:12,0:20,0:00,0:02,1:30,0:45
696ad572871d8d771e38e7c0,2:03,0:06,0:20,0:00,0:02,1:06,0:25
696ad5fde22d3da5c03dd28a,N/A,1:31,,,,,
696ad640d4e82dcf66082406,N/A,,,,,,
696ad6011a299d3b6025dcfb,3:20,0:32,0:30,0:00,0:12,1:36,0:28
696ad5b2b73245ce632f8720,2:52,0:03,0:21,0:00,0:03,1:26,0:57
696ad675d297e16f26d565ee,2:50,0:11,0:36,0:00,0:04,1:28,0:30
696ad68a09366a53dbaeb849,3:25,0:17,0:43,0:00,0:04,1:11,1:06
696ad707e4fb944b17631472,N/A,,,,,,
696ad6e2ea03b5a19bfb2a5e,2:15,0:16,0:26,0:00,0:04,1:13,0:14
696ad6ac34d2a9409d082ebe,3:29,0:12,0:25,0:00,0:05,1:44,1:01
696ad791471950a173573ac8,2:47,0:07,0:29,0:00,0:01,1:15,0:52
696ad86f644df6f720303889,1:41,0:03,0:18,0:00,0:02,1:06,0:10
696ad8d23c8681bf94c9f216,2:25,0:04,0:20,0:00,0:02,1:25,0:32
696ad907b25df2d36a76adb7,2:08,0:04,0:21,0:00,0:04,1:13,0:24
696ad9f0336f6d45d715a39b,N/A,,,,,,
696ad9c652ac7b43b4c2062f,2:16,0:22,0:29,0:00,0:03,1:07,0:11
696ad93f028cab8604a26d16,4:36,1:03,1:00,0:00,0:13,2:02,0:15
696ada2f8d53554cf3e49f6c,1:52,0:05,0:21,0:00,0:04,1:10,0:09
696ada5077c4c53ff307648f,2:49,0:03,0:32,0:00,0:06,1:32,0:34
696ada3f4e6fbab7defdb87b,2:34,0:12,0:29,0:00,0:03,1:12,0:32
696ada5190e7733bf5d732ca,3:48,0:06,0:28,0:00,0:03,2:05,1:04
696ada52ea03b5a19bfb2ad0,3:49,0:22,0:40,0:00,0:06,1:35,1:02
696ada52fc8f46fc9a65e8fd,2:44,0:05,0:35,0:00,0:12,1:32,0:17
696adb402e3bf7323e8ad04b,N/A,0:03,,,,,
696adb43d46ec5ec06512aee,1:48,0:03,0:20,0:00,0:02,1:07,0:14
696adc0485b30f8e427536e1,2:05,0:05,0:27,0:00,0:04,1:15,0:12
696adb767674dbf6a28f52bd,2:33,0:12,0:24,0:00,0:03,1:19,0:33
696adba0b0c0a7022f5bbfc2,2:38,0:09,0:25,0:00,0:04,1:30,0:28
696adbee818497718a627162,3:55,0:12,0:49,0:00,0:09,1:56,0:47
696adce5982eb4d39173393e,2:05,0:04,0:17,0:00,0:21,1:12,0:09
696add1a349fe687d3eb4471,3:27,0:06,0:26,0:00,0:04,0:59,1:51
696add266d8a7a127311b6c3,N/A,0:09,,,,,
696adee7e4fb944b17631512,N/A,,,,,,
696add2936718aa4e00345db,3:20,0:04,0:50,0:00,0:05,1:56,0:23
696ade9efb74058716a7ce18,2:01,0:05,0:24,0:00,0:03,1:17,0:11
696add4711ccb26a1ff6bf67,1:41,0:05,0:19,0:00,0:04,1:00,0:11
696adf62e1c307c7c3900715,2:19,0:17,0:20,0:00,0:03,1:14,0:22
696ae24dab79500fa9a8eeb5,0:00,,,,,,
696ae2a1289708725b748974,N/A,,,,,,
696adfdc3414463c99a99355,3:55,1:34,0:30,0:00,0:03,1:02,0:43
696ae2409bdb292d63eb4d59,3:46,1:04,0:37,0:00,0:01,1:25,0:35
696ae2b2d2334d0ca3813b16,2:26,0:08,0:22,0:00,0:03,1:22,0:28
696ae2e2fbd79dc9ba0723c3,N/A,,,,,,
696ae2cb86f4caac29486f8b,1:53,0:05,0:18,0:00,0:02,1:10,0:16
696ae2ccc6b934378f0f3eb5,3:12,0:25,0:38,0:00,0:04,1:17,0:47
696ae2e4e084ba2fc3303e49,2:55,0:18,0:30,0:00,0:05,1:28,0:29
696ae2ea41ece0be2155b26c,N/A,,,,,,
696ae2e65a4e4f3244c91010,2:14,0:03,0:24,0:00,0:05,1:07,0:32
696ae2f26b6ee0f956c7c5f8,2:35,0:11,0:17,0:00,0:03,1:03,0:59
696ae2f0b05975a888813696,3:24,0:04,0:22,0:00,0:05,1:18,1:32
696ae2ece3e08b87541e5928,2:21,0:11,0:26,0:00,0:03,1:05,0:33
696ae30380d7a1140083cd8e,2:36,0:03,0:43,0:00,0:02,1:23,0:22
696ae2f4cc26745cb88ad2b7,2:08,0:19,0:22,0:00,0:04,1:00,0:20
696ae33412200ea735c2e7b1,N/A,,,,,,
696ae30597a026f976eb6c01,3:57,1:30,0:35,0:00,0:01,1:17,0:32
696ae3060d49be9de734948e,1:35,0:05,0:17,0:00,0:01,1:02,0:08
696ae3212c24361a4bd39a1f,2:18,0:14,0:22,0:00,0:03,1:08,0:29
696ae33e8d0fcc11ba52705e,2:45,0:36,0:25,0:00,0:01,1:16,0:23
696ae34bb4533050cbd86e77,2:18,0:25,0:22,0:00,0:02,1:12,0:14
696ae3508d2f4d97b3f3bb7a,N/A,,,,,,
696ae3623fc7bcad295aea9c,N/A,,,,,,
696ae39bc173f512c17876c3,N/A,,,,,,
696ae37e69c8b04cacbfce3c,2:04,0:03,0:20,0:00,0:04,1:08,0:27
696ae379b05975a8888136a2,3:32,0:46,0:24,0:00,0:01,1:16,1:01
696ae39272216d60a3e18bac,3:05,0:09,0:38,0:00,0:05,1:45,0:25
696ae39c35784e6d42e4b0a7,4:25,0:04,0:22,0:00,2:14,1:07,0:35
696ae3b6982eb4d391733acf,4:46,0:07,1:58,0:00,0:03,1:18,1:16
696ae4ed6d279586f18b1288,2:26,0:10,0:22,0:00,0:04,1:08,0:39